host_0,host,117.123.105.128,884a9df1-9f70-4eb5-9c11-178a965b7d36,"{'uid': '41e821a0-3720-11e3-aa6e-0800200c9fde', 'name': 'SMC User', 'domain-type': 'domain'}"
host_1,host,140.229.79.124,fd1fa409-9d27-4116-8286-6c95f2d37097,"{'uid': '41e821a0-3720-11e3-aa6e-0800200c9fde', 'name': 'SMC User', 'domain-type': 'domain'}"
host_10,host,246.136.22.85,a0751496-590f-48b0-98e3-69b6b7ef2a80,"{'uid': '41e821a0-3720-11e3-aa6e-0800200c9fde', 'name': 'SMC User', 'domain-type': 'domain'}"
host_100,host,216.22.235.207,d0d9ab8c-3344-4058-9a28-8a3fdc3af1ef,"{'uid': '41e821a0-3720-11e3-aa6e-0800200c9fde', 'name': 'SMC User', 'domain-type': 'domain'}"
host_101,host,244.239.206.170,ee6062ab-4849-4cae-b77a-7903b80ea1d6,"{'uid': '41e821a0-3720-11e3-aa6e-0800200c9fde', 'name': 'SMC User', 'domain-type': 'domain'}"
host_102,host,48.20.130.247,0cdae542-34dc-4b4e-beb9-57ea0c55d200,"{'uid': '41e821a0-3720-11e3-aa6e-0800200c9fde', 'name': 'SMC User', 'domain-type': 'domain'}"
host_103,host,130.55.178.100,bb944ebb-5754-4a54-bfe7-7fcd10a4c3b8,"{'uid': '41e821a0-3720-11e3-aa6e-0800200c9fde', 'name': 'SMC User', 'domain-type': 'domain'}"
host_104,host,52.15.81.41,f911a56c-aa30-4cb6-9813-7ff7a2cd53a1,"{'uid': '41e821a0-3720-11e3-aa6e-0800200c9fde', 'name': 'SMC User', 'domain-type': 'domain'}"
host_105,host,14.123.107.180,c8118dca-3a74-4a00-87dc-47c8c4592f49,"{'uid': '41e821a0-3720-11e3-aa6e-0800200c9fde', 'name': 'SMC User', 'domain-type': 'domain'}"
host_106,host,181.67.92.190,2dc7e4e7-500a-402d-b867-ff77c8d49f65,"{'uid': '41e821a0-3720-11e3-aa6e-0800200c9fde', 'name': 'SMC User', 'domain-type': 'domain'}"
host_107,host,184.137.10.243,03f18d3b-ed90-4893-af47-626a4b800485,"{'uid': '41e821a0-3720-11e3-aa6e-0800200c9fde', 'name': 'SMC User', 'domain-type': 'domain'}"
host_108,host,34.60.99.229,eb58586b-e244-41f1-b82c-0aa9a16bf904,"{'uid': '41e821a0-3720-11e3-aa6e-0800200c9fde', 'name': 'SMC User', 'domain-type': 'domain'}"
host_109,host,134.89.244.68,a9ddb224-7e07-4a24-91ed-02dd14709b75,"{'uid': '41e821a0-3720-11e3-aa6e-0800200c9fde', 'name': 'SMC User', 'domain-type': 'domain'}"
host_11,host,233.224.119.202,51c4a95c-bd66-4a6b-b09a-d433257468e2,"{'uid': '41e821a0-3720-11e3-aa6e-0800200c9fde', 'name': 'SMC User', 'domain-type': 'domain'}"
host_110,host,127.99.250.62,6a5df780-c0ad-426e-a7ea-a96afd51688a,"{'uid': '41e821a0-3720-11e3-aa6e-0800200c9fde', 'name': 'SMC User', 'domain-type': 'domain'}"
host_111,host,246.162.43.205,f2dc1364-b8b2-40b2-bbdc-72320fd4248b,"{'uid': '41e821a0-3720-11e3-aa6e-0800200c9fde', 'name': 'SMC User', 'domain-type': 'domain'}"
host_112,host,78.178.235.163,f61003a3-ac3e-478a-9ed9-62cd62a0818c,"{'uid': '41e821a0-3720-11e3-aa6e-0800200c9fde', 'name': 'SMC User', 'domain-type': 'domain'}"
host_113,host,126.86.119.209,2caf56dc-89d3-4a36-b19c-c8f9cbfd4122,"{'uid': '41e821a0-3720-11e3-aa6e-0800200c9fde', 'name': 'SMC User', 'domain-type': 'domain'}"
host_114,host,167.104.192.44,9e3e101e-3477-4e43-bb07-ead15eeb736a,"{'uid': '41e821a0-3720-11e3-aa6e-0800200c9fde', 'name': 'SMC User', 'domain-type': 'domain'}"
host_115,host,163.73.193.208,a975745d-b466-4c23-8891-7bc45be43b25,"{'uid': '41e821a0-3720-11e3-aa6e-0800200c9fde', 'name': 'SMC User', 'domain-type': 'domain'}"
host_116,host,192.68.1.83,a2ea91da-c6e1-451d-a52c-1183bb01403e,"{'uid': '41e821a0-3720-11e3-aa6e-0800200c9fde', 'name': 'SMC User', 'domain-type': 'domain'}"
host_117,host,210.147.64.246,02fbdd17-72bb-4479-9fbf-d46470e4e345,"{'uid': '41e821a0-3720-11e3-aa6e-0800200c9fde', 'name': 'SMC User', 'domain-type': 'domain'}"
host_118,host,196.219.191.131,bae367f8-03d7-4a35-81a2-5fd1ddd0d7da,"{'uid': '41e821a0-3720-11e3-aa6e-0800200c9fde', 'name': 'SMC User', 'domain-type': 'domain'}"
host_119,host,139.119.21.64,1a6b8b1f-b5d1-4fcc-9576-7e451c4d415f,"{'uid': '41e821a0-3720-11e3-aa6e-0800200c9fde', 'name': 'SMC User', 'domain-type': 'domain'}"
host_12,host,215.229.183.67,b675604c-3386-4b2b-87c5-81f4c8873a27,"{'uid': '41e821a0-3720-11e3-aa6e-0800200c9fde', 'name': 'SMC User', 'domain-type': 'domain'}"
host_120,host,74.55.70.28,885bffb7-d6bb-4ca1-9a0c-d59727fd9fc7,"{'uid': '41e821a0-3720-11e3-aa6e-0800200c9fde', 'name': 'SMC User', 'domain-type': 'domain'}"
host_121,host,134.192.22.134,9ae5a2b8-79f5-4872-8307-ca178382a892,"{'uid': '41e821a0-3720-11e3-aa6e-0800200c9fde', 'name': 'SMC User', 'domain-type': 'domain'}"
host_122,host,211.123.241.4,f0f19b75-4ab7-4fcd-8f9c-046e56fedc47,"{'uid': '41e821a0-3720-11e3-aa6e-0800200c9fde', 'name': 'SMC User', 'domain-type': 'domain'}"
host_123,host,185.109.48.216,a544a8ee-ddcf-4326-8ea9-b6dfaeb93339,"{'uid': '41e821a0-3720-11e3-aa6e-0800200c9fde', 'name': 'SMC User', 'domain-type': 'domain'}"
host_124,host,33.184.186.234,f410b512-1a46-47b9-9f73-87711967f9b4,"{'uid': '41e821a0-3720-11e3-aa6e-0800200c9fde', 'name': 'SMC User', 'domain-type': 'domain'}"
host_125,host,173.142.166.229,736370c4-4826-43cb-8e1d-06222c0428aa,"{'uid': '41e821a0-3720-11e3-aa6e-0800200c9fde', 'name': 'SMC User', 'domain-type': 'domain'}"
host_126,host,147.45.67.21,169a72c0-1eca-483a-84d1-fe11a155b91f,"{'uid': '41e821a0-3720-11e3-aa6e-0800200c9fde', 'name': 'SMC User', 'domain-type': 'domain'}"
host_127,host,130.95.158.100,1baf50d6-c5c7-4e7c-a42c-7751580cfe10,"{'uid': '41e821a0-3720-11e3-aa6e-0800200c9fde', 'name': 'SMC User', 'domain-type': 'domain'}"
host_128,host,100.80.209.192,fe19c239-3209-4cdf-b9b4-0e7e41651e57,"{'uid': '41e821a0-3720-11e3-aa6e-0800200c9fde', 'name': 'SMC User', 'domain-type': 'domain'}"
host_129,host,177.91.56.165,a760ffa0-6d91-4ace-b919-c636c8b03c93,"{'uid': '41e821a0-3720-11e3-aa6e-0800200c9fde', 'name': 'SMC User', 'domain-type': 'domain'}"
host_13,host,85.223.193.186,608fe182-ca16-40fa-8601-bc18cdd756dc,"{'uid': '41e821a0-3720-11e3-aa6e-0800200c9fde', 'name': 'SMC User', 'domain-type': 'domain'}"
host_130,host,188.86.224.76,f6ad4c2e-fe7e-4ffe-a0c9-e12c41a5978e,"{'uid': '41e821a0-3720-11e3-aa6e-0800200c9fde', 'name': 'SMC User', 'domain-type': 'domain'}"
host_131,host,11.34.29.226,c38c43f9-069e-4799-a150-1a357124702d,"{'uid': '41e821a0-3720-11e3-aa6e-0800200c9fde', 'name': 'SMC User', 'domain-type': 'domain'}"
host_132,host,148.49.249.157,c52f15a6-d2a1-4984-8ba9-28ea2a6b0737,"{'uid': '41e821a0-3720-11e3-aa6e-0800200c9fde', 'name': 'SMC User', 'domain-type': 'domain'}"
host_133,host,144.225.31.156,a24ae3ee-5037-4be1-8cf1-b18151f4fc06,"{'uid': '41e821a0-3720-11e3-aa6e-0800200c9fde', 'name': 'SMC User', 'domain-type': 'domain'}"
host_134,host,199.190.7.129,a5fa7dec-4b78-449c-bbfd-774edb5da04f,"{'uid': '41e821a0-3720-11e3-aa6e-0800200c9fde', 'name': 'SMC User', 'domain-type': 'domain'}"
host_135,host,234.171.245.89,eebebeaa-46b1-437c-909c-b18015509e05,"{'uid': '41e821a0-3720-11e3-aa6e-0800200c9fde', 'name': 'SMC User', 'domain-type': 'domain'}"
host_136,host,51.38.80.83,e25ab834-3d51-43cc-b9f7-0d6ced24a6a3,"{'uid': '41e821a0-3720-11e3-aa6e-0800200c9fde', 'name': 'SMC User', 'domain-type': 'domain'}"
host_137,host,188.183.247.250,03baf966-5935-4796-9af6-b15e25706448,"{'uid': '41e821a0-3720-11e3-aa6e-0800200c9fde', 'name': 'SMC User', 'domain-type': 'domain'}"
host_138,host,194.82.123.95,e7030a60-a281-4838-8564-1a89c23d8bf3,"{'uid': '41e821a0-3720-11e3-aa6e-0800200c9fde', 'name': 'SMC User', 'domain-type': 'domain'}"
host_139,host,84.153.81.30,b31a3144-1fa3-47af-8ccc-9352657fdfc6,"{'uid': '41e821a0-3720-11e3-aa6e-0800200c9fde', 'name': 'SMC User', 'domain-type': 'domain'}"
host_14,host,112.1.128.108,87072874-1245-4c21-a22f-7d3adcfb8051,"{'uid': '41e821a0-3720-11e3-aa6e-0800200c9fde', 'name': 'SMC User', 'domain-type': 'domain'}"
host_140,host,199.12.187.88,2873968d-b334-470e-8c01-85a7cb544920,"{'uid': '41e821a0-3720-11e3-aa6e-0800200c9fde', 'name': 'SMC User', 'domain-type': 'domain'}"
host_141,host,35.124.190.240,5c6dda0b-d60d-43f1-8f43-9f17cad00163,"{'uid': '41e821a0-3720-11e3-aa6e-0800200c9fde', 'name': 'SMC User', 'domain-type': 'domain'}"
host_142,host,227.39.189.178,87a8b364-52f0-4960-b506-1d4f55447b1c,"{'uid': '41e821a0-3720-11e3-aa6e-0800200c9fde', 'name': 'SMC User', 'domain-type': 'domain'}"
